Label,Count
Human,42119853
Person,42119853
Building,24596736
Outdoors,23027516
Plant,21668781
Nature,20224345
Apparel,18826110
Clothing,18826110
People,15713161
Architecture,12870093
Urban,12455927
Transportation,12423774
Face,12349205
Vehicle,12103566
Housing,11878807
Tree,11323963
Crowd,10914483
Vegetation,10783837
City,9709254
Town,9709254
Art,9193464
Female,9107026
Road,8693791
Photo,8652509
Photography,8652509
Water,8478872
Land,8402023
Text,7734125
Animal,7536851
Path,6710183
Grass,6662138
Indoors,6542494
Portrait,6342420
Countryside,6318467
Furniture,5875979
Girl,5827186
House,5506738
Painting,5121557
Street,5072309
Sports,5066065
Sport,5066065
Neighborhood,4704295
Woman,4656674
Landscape,4500410
Food,4486334
Room,4486198
Scenery,4398406
Woodland,4378372
Forest,4378372
Car,4191944
Automobile,4191944
Flower,4159853
Blossom,4159853
Rural,4137926
Coat,4083989
Downtown,4057311
Field,4009131
Leisure Activities,3989527
Accessory,3857066
Accessories,3857066
Advertisement,3768484
Symbol,3730417
Pants,3682088
Paper,3622182
Poster,3324141
Tower,3322828
Bush,3321768
Machine,3284124
Audience,3237424
Sea,3205522
Ocean,3205522
High Rise,3201332
Lighting,3191211
Villa,3168786
Rock,3064028
Skin,2898429
Man,2893161
Mammal,2886581
Brick,2870429
Shelter,2857175
Yard,2779286
Church,2722151
Electronics,2701599
Chair,2660146
Shoreline,2645076
Grove,2622541
Shorts,2592205
Kid,2531082
Child,2531082
Overcoat,2517718
Costume,2513250
Soil,2490566
Coast,2478197
Condo,2472481
Smile,2451691
Performer,2432615
Pottery,2407599
Spire,2369711
Steeple,2369711
Cottage,2363230
Bridge,2345420
Metropolis,2342006
Monastery,2337008
Home Decor,2329194
Wilderness,2315116
Asphalt,2306004
Tarmac,2306004
Wood,2259743
Brochure,2238477
Flyer,2238477
Panoramic,2198483
Suit,2198065
Apartment Building,2191120
Military,2151878
Bird,2130686
Pedestrian,2112944
Sky,2111187
Musical Instrument,2075140
Head,2062132
Interior Design,2048584
Jar,2030487
Mansion,2029333
Dress,2022825
Waterfront,2020127
Lawn,2011009
Parade,1981601
Meal,1981493
Vase,1913655
Grassland,1912951
Walkway,1898638
Office Building,1888602
Shop,1872714
Mountain,1868477
Speech,1842350
Hair,1830205
Jacket,1824491
Rainforest,1820405
Wall,1817273
Teen,1802999
Wheel,1793135
Military Uniform,1775100
Musician,1769694
Rug,1711169
Helmet,1669824
Sculpture,1661863
Slope,1635759
Table,1632746
Press Conference,1623413
Invertebrate,1618490
Sitting,1590676
Team,1584776
Fashion,1562134
Potted Plant,1559996
Leaf,1545594
Arched,1534993
Arch,1534993
Jungle,1531074
Stage,1522682
Lecture,1522394
Freeway,1521622
Team Sport,1518417
Statue,1513517
Cathedral,1496141
Blonde,1485248
Window,1483138
Footwear,1472560
River,1461349
Screen,1439637
Denim,1419014
Jeans,1419014
Trail,1417593
Vacation,1410468
Park,1407355
Word,1397200
Roof,1393872
Pier,1379434
Port,1379434
Dock,1379434
Castle,1376285
Petal,1374388
Light,1356512
Alleyway,1354460
Alley,1354460
Truck,1352794
Beach,1342983
Gate,1329846
Tire,1302363
Sunglasses,1301995
Aircraft,1297834
Label,1286118
Ground,1282839
Shoe,1268379
Boat,1267503
School,1260946
Hat,1221832
Insect,1216536
Bell Tower,1215752
Hotel,1213124
Train,1207285
Column,1206471
Pillar,1206471
Sidewalk,1199810
Pavement,1199810
Spoke,1183220
Festival,1179601
Plot,1176888
Drawing,1170812
Highway,1169994
Armored,1152416
Army,1151884
Archaeology,1151044
Pet,1141496
Snow,1138352
Altar,1135241
Conifer,1129573
Blazer,1123812
Watercraft,1118467
Vessel,1118467
Display,1096804
Monitor,1096804
Farm,1090877
Diagram,1090608
Soldier,1080143
Restaurant,1055216
Dating,1046391
Airplane,1043493
Classroom,1034563
Sedan,1024257
Sports Car,1015912
Rail,1013451
Railway,1013451
Train Track,1013451
Ice,1002086
Robe,997459
Mountain Range,992215
Glasses,991815
Construction Crane,973796
Drink,968551
Beverage,968551
Court,965470
Night Life,960777
Bike,957133
Bicycle,957133
Gown,955472
Fort,952515
Sunlight,949603
Weather,948804
Fir,948492
Abies,948492
Toy,941905
Page,940241
Intersection,937398
Tie,937310
Wildlife,925486
Trademark,925424
Logo,925424
Sea Life,913921
Ball,900694
Music Band,900475
Guitar,881765
Worship,858791
Ornament,855995
Airport,851882
Sand,846372
Monument,846137
Selfie,845875
Tomb,842968
Canine,827805
Football,817022
Door,813278
Dish,810560
Oak,808121
Temple,800928
Workshop,795197
Bumper,792823
Finger,787027
Cliff,783935
Market,782906
Weapon,780342
Weaponry,780342
Planter,773694
Car Wheel,772137
Green,771725
Jewelry,764579
Swimwear,764491
Sunrise,763839
Cushion,760558
Peak,758633
Vegetable,749879
Produce,745917
Athlete,745625
Floor,742210
Garden,738432
Cloud,737258
Sleeve,736009
Party,726075
Tree Trunk,713358
Lake,712620
Hut,706124
Harbor,702656
Shrine,699626
Slate,698696
Guitarist,698529
Fence,691076
Computer,691011
Cross,689438
Dog,689411
Night,684002
Cafeteria,681681
Shirt,679590
Bazaar,677074
Bus,675766
Flooring,675474
Promontory,675059
Club,672541
Flare,670242
Pattern,667887
Dome,657738
Pasture,656488
Sphere,652134
Dessert,651516
Dirt Road,650707
Gravel,650707
Hill,641968
Coupe,639856
Cap,637621
Tabletop,632941
Terminal,631960
Document,631639
Seminar,622506
Apse,620069
Flagstone,618971
Canal,617777
Concert,615623
Plan,613296
Suburb,611924
Tombstone,611887
Aerial View,610827
Soccer,606826
Book,605745
Beard,605719
Handrail,603884
Banister,603884
Officer,602952
Airfield,600634
Couch,597092
Herbs,596366
Utility Pole,594324
Evening Dress,593498
Adventure,590174
Postal Office,589461
Purple,588697
Running,582771
Flag,582195
Bunker,581671
Sign,574928
Airliner,573983
Alloy Wheel,568597
Pub,568361
Palace,566850
Figurine,563717
Alcohol,561360
Bench,559267
Envelope,557111
Carnival,555859
Graphics,555161
Sweets,554099
Confectionery,554099
Police,547459
Dusk,541016
Red Sky,541016
Sunset,541016
Dawn,541016
Zoo,539848
Skirt,539196
Tool,526389
Motor,523678
Mail,522800
Lamp,521407
Beak,519839
Troop,518276
Dance Pose,518194
Azure Sky,517707
Arm,517505
Alphabet,515431
Plaque,513760
Ruins,513670
Motorcycle,511410
Pollen,509429
Staircase,505654
Flower Arrangement,504820
Meadow,503544
Dance,499484
Fruit,499312
Sun,498803
Shack,497826
Tuxedo,494572
Convention Center,493398
Bar Counter,492146
Astronomy,491364
Cyclist,488606
Crypt,488560
Cumulus,487776
Factory,487753
Sketch,486789
Wedding,486586
Bowl,485354
Porch,484933
Geranium,479398
Tourist,479168
Pond,477221
Hand,477181
Electrical Device,476955
Space,476567
Outer Space,476567
Universe,476567
Lobby,474688
Boy,474259
Soccer Ball,474190
Ship,473911
Herbal,472973
Anther,467409
Cake,464496
Rock Concert,463519
White Board,462428
Walking,461055
Pickup Truck,459544
Collage,458969
Dining Table,452741
Amusement Park,450835
Plywood,445307
Corridor,442617
Silhouette,442090
Wedding Gown,437217
Night Club,436547
Bee,427468
Family,425451
Flight,421933
Billboard,421560
Glass,421146
LCD Screen,420372
Concrete,418679
Acrobatic,418539
Tent,417204
Train Station,417069
Pillow,416719
Linen,414370
Standing,413705
Arecaceae,408629
Palm Tree,408629
Clock Tower,408523
Horse,407579
Pine,404900
Bronze,403238
Protest,402632
Stream,400101
Locomotive,400016
Money,397015
Graffiti,395717
Number,393956
Bottle,393041
Asteraceae,392407
Modern Art,392028
Cat,391172
Floral Design,389563
Theater,386313
Arena,385462
Winter,382490
Cafe,381167
Swimming,380458
Game,379787
Cosplay,378317
Map,374724
Pc,373707
Shelf,371876
Van,369151
Car Show,366059
Tour Bus,366042
Railing,365124
Long Sleeve,362083
Pool,360706
Reservoir,358580
Smoke,358418
Ranch,357603
Id Cards,357036
Jury,354909
Menu,354623
T-Shirt,354134
Coin,351555
Fossil,350633
Arrow,347969
Butterfly,347356
Resort,347004
Reptile,345395
Canvas,344294
Lip,343492
Mouth,343492
Theme Park,342345
Creek,340933
Bag,340590
Cave,339925
Sprout,338891
Bikini,334466
Plateau,334371
Fog,334127
Hardwood,332136
Fungus,330855
Hornet,330610
Wasp,330610
Andrena,330610
Flying,330413
Marching,328503
Crystal,328477
Gun,326019
Waterfowl,325978
Attorney,325745
Banner,325139
Mural,324583
Jet,323383
Construction,322576
Desk,321189
Creme,318007
Cream,318007
Ditch,317504
Sea Waves,314469
Atlas,314075
Engine,312732
Antique Car,309135
Navy,307557
Passport,306625
Hardware,303571
Rowboat,303131
Working Out,303090
Exercise,303090
Box,302707
Backyard,302670
Heel,301904
Moss,301469
Race Car,299534
Baseball Cap,298784
Cabin,298444
Living Room,297550
Underwear,294017
Hacienda,293225
Offroad,291337
Tattoo,290709
Teeth,289519
Baby,288721
Skyscraper,287327
Gymnastics,286652
Hall,286023
Fire,285637
Bud,285544
Arbour,285472
Curtain,285037
Hot Rod,284552
Parking,280833
Parking Lot,280833
Fish,280830
Hardhat,278044
Fitness,276711
Premiere,274754
Sticker,274534
Rust,274477
Funeral,273542
Texture,273343
Warplane,270638
Worker,270589
Chess,270269
Campus,266875
Astragalus,265344
Grain,265327
Moon,262231
Mountain Bike,261793
Barge,261683
Stadium,259843
Gymnast,258314
Bus Stop,256090
Moth,255817
Porcelain,255572
Sycamore,253449
American Flag,253319
Bay,253079
Appliance,252968
Cove,252932
Agriculture,252724
Laughing,252050
Canopy,251319
Crash Helmet,251183
Horizon,248867
Tile Roof,245608
Bed,245010
Marsh,243474
Swamp,243474
Bog,243474
Sweater,243145
Tapestry,243060
Hug,242325
Anemone,241828
Finch,240059
Keyboard,240005
Handwriting,239164
Flame,239108
Doll,238821
Barefoot,235840
Meeting Room,235017
Conference Room,235017
Gemstone,234309
Duet,234002
Town Square,233890
Plaza,233890
Rubble,233172
Prison,232873
Microphone,232731
Bow,231862
Chandelier,230972
Aster,230711
Percussion,230209
Television,229845
TV,229845
Flower Bouquet,229699
Marathon,229127
Rodent,228629
Root,228625
Mineral,226833
Play,226769
Lingerie,226366
Towpath,225002
Corner,224021
Camera,223428
Grazing,222422
Cruiser,222106
Subway,221598
Beer,221554
Ferry,221121
Icing,220397
College,220135
Hedge,219914
Volleyball,219317
Bomber,219143
Road Sign,218414
Computer Hardware,217826
Back,217413
Video Gaming,217260
Storm,215143
Tub,215087
Bedroom,214996
Clinic,212936
Swimming Pool,212902
Valley,211728
Fire Truck,211351
Museum,210656
Skating,210440
Daisy,209931
Daisies,209931
Bread,209396
Wrestling,209026
Bass Guitar,207652
Arachnid,207439
Spider,207439
Agropyron,204751
Hiking,204024
Seed,203385
Tractor,202644
Rally,199774
Arch Bridge,199379
Greeting Card,198420
Patio,197248
Hole,196581
Reef,195468
LED,193958
Acanthaceae,193867
Axe,193734
Ice Skating,193617
Boardwalk,193232
Honey Bee,192689
Mailbox,192568
Letterbox,192568
Laptop,191515
Seashell,189590
Auditorium,189518
Drum,189052
Rose,188957
Waterfall,187942
Cable,187930
Necktie,187300
Helicopter,187220
Balcony,187064
Tunnel,187018
Bridegroom,186959
Cross Country,186873
Phone,186159
Doodle,184237
Bonfire,182670
Canoe,182109
Spiral,182055
Food Court,181742
Marina,181566
Priest,181268
Hockey,181199
Blanket,180079
Disco,179929
First Aid,179516
Spotlight,178824
Necklace,177773
Drummer,177175
Lamp Post,174497
Stained Glass,172662
Vest,172017
Tennis,171880
Lagoon,170704
Play Area,168638
Playground,168638
Tripod,168365
Vespa,167776
Motor Scooter,167776
Cup,167516
Clam,167329
Blouse,167165
Tile,167065
Photographer,166332
Pendant,166136
Shutter,166080
Softball,165772
Baseball,165772
Rat,164935
Scoreboard,164540
Rink,164112
Karaoke,163965
Scarf,163808
Sailboat,163260
Cattle,162992
Apidae,162208
Steamer,161991
Abyssinian,161402
Bakery,161204
Manx,160570
Convertible,160542
Dinner,160346
Supper,160346
Bulldozer,159969
Newspaper,159764
Executive,159633
Moped,158558
Ikebana,157723
Strap,157377
Yacht,157343
Cabinet,157101
Dahlia,156550
Bride,156404
Nickel,155737
Emblem,154450
Business Card,153353
Slum,153127
Flood,152468
Savanna,150918
Newfoundland,150453
Skylight,149822
Mobile Phone,149535
Cell Phone,149535
Cobblestone,149456
Reception,148004
Computer Keyboard,147205
Hangar,146757
Studio,146582
Battleship,146265
Dungeon,145629
Fountain,144650
Coil,143862
Jaw,143665
Armor,142942
Electric Guitar,142227
Bishop,141240
Jaguar,140897
Panther,140897
Leopard,140897
Library,140715
Knitting,140320
Dimples,138886
Wine,138727
Cutlery,136712
Shipping Container,136217
Arrowhead,136035
Vault Ceiling,135806
Balloon,134812
Robot,134780
Seafood,134243
Peninsula,133936
Blade,133667
Hot Tub,133568
Jacuzzi,133568
Reading,132817
Moat,132258
Aluminium,132066
Barn,131121
Birch,131057
Inn,130737
Tablecloth,130376
Puddle,130246
Lifejacket,129909
Double Decker Bus,129822
Guard,129729
Birthday Cake,129714
Lunch,129656
Oars,129296
Mardi Gras,128984
Fern,128977
Goggles,128381
Landing,127556
Picnic,127259
Aisle,127015
Mesa,126313
Pump,125116
Newborn,125016
Jay,124998
Coffee Cup,124990
Cow,124966
Kiosk,124907
Traffic Light,124874
Sun Hat,124603
Aquatic,124559
Boot,124423
Racket,124277
Bumblebee,124121
Pork,124061
Canyon,123923
Park Bench,123715
Airport Terminal,123601
Bathing Cap,123396
Haircut,123091
Wedding Cake,122528
Piano,122103
Equestrian,121955
Pig,121877
Mist,121809
Snowman,121066
Spruce,120964
Christmas Tree,120899
Cricket Insect,120220
Summer,119922
Dime,119636
Crucifix,119530
Zebra Crossing,119293
Car Dealership,119273
Tennis Racket,119217
Quilt,119170
Ballplayer,118834
Caravan,118793
Gold,118785
Waiting Room,118708
Bookcase,118203
Cable Car,118059
Diving,117809
Diver,117809
Blackbird,117741
Agelaius,117741
Handball,117692
Undershirt,117444
Grocery Store,117197
Dining Room,117019
Driving License,116095
License,116095
Running Track,115844
Frost,115588
Outdoor Play Area,114992
Liquor,114846
Iris,114601
Graduation,114321
Sailor Suit,114231
Planetarium,114184
Puppy,114066
Lizard,113969
Demolition,113846
Apiaceae,113738
Mosque,113626
Suv,112927
Parliament,112429
Novel,111570
Overpass,111210
Pollution,110922
Triangle,110875
Student,110804
Piste,110768
Red Carpet Premiere,109942
Red Carpet,109942
Camping,109654
Takeoff,109583
Office,109583
Lab,109385
Bear,109095
Annonaceae,108614
Postcard,108564
Windshield,108452
Hound,108346
Basketball,108329
Vine,107909
Beacon,107473
Badge,107371
Dinghy,107367
American Football,106882
Picture Window,106310
Coral Reef,106276
Pagoda,106081
Black Hair,106068
Ivy,105988
Fishing,105691
Snake,105091
Model T,105000
Maple,104862
Runway,104632
Buggy,104405
Tin,104208
Halloween,103959
Bookstore,103916
Senior Citizen,103759
Trailer Truck,103362
Teacher,103141
Brass Section,102853
Pot,102662
Police Car,102548
Spring Break,102458
Cloak,102364
Window Display,101883
Duel,101780
Bull,101638
Tropical,101463
Amaranthaceae,100572
Stallion,99654
Tar,99510
Dj,99311
Power Lines,99241
Amaryllidaceae,99042
Torso,98842
Letter,98800
Kindergarten,98773
Destroyer,98488
Loft,97862
Lawn Mower,97380
Fireworks,97297
Amphibian,97156
Boxing,97075
Glacier,96984
Ice Hockey,96967
Gray,96956
Gas Pump,96780
Moving Van,96489
Soup Bowl,96244
Mushroom,96144
Paddle,96131
Cherry Blossom,96034
Anthus,95603
Handbag,95485
Window Shade,94823
Mosaic,94497
Kite Bird,94419
Elevator,94405
Rotor,94184
Obelisk,93776
Tank,93502
Grand Theft Auto,93239
Barbie,93172
Garage,93117
Awning,92997
Bra,92879
Car Wash,92851
Cardboard,92844
Pasta,92774
Agaric,92550
Clock,92457
Comics,92440
Vulture,92208
Plush,92131
Eating,92123
Dorm Room,92042
Island,91511
Doctor,91310
Spring,91201
Diaper,91186
Lighthouse,90986
Fireplace,90949
Steam Engine,90911
Projection Screen,90847
Aphid,90732
Limestone,90688
Seagull,90649
Football Helmet,90642
Jogging,90366
License Plate,89654
Buddha,89359
Jersey,89026
Nut,88524
Circus,87684
Culinary,87178
Manufacturing,87082
Sumo,86951
Sparrow,86929
Can,86386
Kitten,86237
Tree Stump,85944
Carton,85770
Suspension Bridge,85659
Beer Bottle,85585
Saucer,85056
Electric Transmission Tower,85013
Drinking,84963
Horn,84923
Brewery,84807
Antelope,84676
Ring,84639
Chocolate,84391
Accipiter,84390
Supermarket,84144
Volcano,83904
Bee Eater,83698
Desert,83640
Mascot,83532
Warehouse,83398
Colt Horse,83070
Deer,83016
Tennis Court,82846
Digital Camera,82531
Lager,81298
Electronic Chip,81056
Veins,80979
Streetcar,80850
Tram,80850
Trolley,80850
Spoon,80354
Hot Dog,80089
Sneaker,79871
Angler,79838
Mirror,79732
Silver,79715
Guard Rail,79682
Tartan,79323
Plaid,79323
Fireman,79175
Ivory,78946
Asleep,78877
Sleeping,78877
Archangel,78593
Angel,78593
Turtle,78423
Analog Clock,78274
Amphitheatre,77963
Amphitheater,77963
Anseriformes,77954
Andalusian Horse,77745
Scaffolding,77656
Captain,77543
Stone Wall,77307
Duck,77224
Gardening,77095
Judge,76845
Bathtub,76685
Sweatshirt,76675
Wine Glass,76574
Bathroom,76538
Cricket,76357
Shark,75927
Seasoning,75567
Pianist,75397
Gargoyle,75212
Formula One,75017
Paparazzi,74903
Purse,74875
Tango,74568
Tribe,74443
Skiing,74193
Hammer,74034
Cinema,74019
Closet,73617
Art Gallery,73294
Wrist,73092
Orchid,72635
Solar Panels,72303
Coffee Table,71995
Fowl,71506
Control Tower,71451
Wiring,71398
Sled,71391
Freighter,71120
Tanker,71120
Sewer,70960
Bead,70789
Smog,70734
Paintball,70549
Fisheye,70530
Bomb,70506
Kicking,70205
Driving,69731
Mound,69718
Diary,69589
Lady,69530
Poultry,69517
Headband,69497
File,69235
Stew,69032
Neck,68477
Breakfast,68447
Citrus Fruit,68432
Reed,68126
Headlight,68123
Backpack,67980
Hawk,67928
Husky,67869
Forge,67461
Adapter,67278
Measurements,67161
Limo,67137
Ticket,67070
Hospital,66905
Poppy,66879
Lily,66826
Scooter,66660
Biplane,66650
Hood,66499
Diamond,66366
Eagle,66242
Agate,66072
Amanita,66072
Turbine,65830
Platter,65668
Martial Arts,65256
Cupboard,65121
Shopping Mall,64960
Lace,64911
Reception Room,64827
Blizzard,64739
Wristwatch,64251
Golf,64187
Daffodil,63999
Canary,63994
Balance Beam,63072
Stork,63061
Flock,62847
Buzzard,62820
Prayer,62634
Planet,62617
Blue Jay,62486
Table Lamp,62463
Heron,62228
Ardeidae,62228
Cactus,61932
Landslide,61860
Motel,61714
Power Plant,61695
Flamenco,61680
Minibus,61638
Trophy,61560
Shooting Range,61448
Ballet,61413
Wagon,61230
Oven,61199
Applique,61180
Locket,61038
Buffet,61037
Rope,60963
Laser,60805
Agavaceae,60753
Amphibious Vehicle,60706
Blackboard,60485
Patchwork,60440
Antenna,60413
Sponge Animal,60231
Garden Spider,60228
Ambulance,60197
Jaguar Car,60026
Dune,59732
Miniskirt,59720
Huddle,59503
Autograph,59495
Signature,59495
Carriage,59442
Water Park,59352
Shopping,59285
Anisoptera,59251
Dragonfly,59251
Hydrant,59231
Photo Booth,58915
Vigil,58760
Nebula,58695
Passenger Car,58538
Hearth,58459
Maroon,58387
Postage Stamp,58270
Mustache,58235
Dam,58124
Sideboard,58072
Log Cabin,58033
Chicken,57662
Jug,57504
Stain,57155
Tennis Ball,57097
Dugout,57081
Embroidery,57044
Jeep,56938
Debate,56906
Flax,56834
Paddy Field,56475
Underwater,56419
Neon,56364
Goblet,56071
Eclipse,55836
Cookie,55660
Biscuit,55660
Fire Hydrant,55512
Silk,55486
Beer Glass,55431
Cruise Ship,55400
Crib,55226
Viaduct,55209
Pergola,55038
Crane Bird,54966
Full Moon,54622
Sheep,54570
Planting,54319
Peony,54189
Running Shoe,54132
Drawbridge,54029
Urn,54002
Bonnet,53993
Starry Sky,53919
Pigeon,53793
Football Field,53761
Coal,53683
Wolf,53672
Arenaria,53624
Gear,53302
Light Fixture,53260
Aquarium,53083
Frown,52944
Ballerina,52929
Parrot,52786
Lathe,52758
Elephant,52689
Sundial,52403
Skateboard,52390
Elk,52159
Scissors,52104
Interview,52056
Droplet,51921
White,51815
Steering Wheel,51815
Mold,51775
Astronaut,51595
Candle,51414
Video Camera,51233
Rodeo,51213
Larch,51212
Cape,51204
Mud,51202
Cannon,51082
Juice,51037
Spaceship,50940
Banana,50938
Refinery,50536
Diner,50403
Lumber,50200
Cocktail,50193
Wind Turbine,50094
Curry,49788
Sink Faucet,49785
Arcade Game Machine,49696
Beanie,49662
Monarch,49524
Den,49372
Webpage,49334
Inflatable,49329
Carpenter,49299
Fractal,49089
Climbing,49071
Lute,49064
Fiddle,49064
Viola,49064
Violin,49064
Bulldog,49054
Spandex,48952
Cello,48915
Tulip,48852
Sidecar,48793
Gas Station,48771
Grille,48722
Yew,48681
Pizza,48594
Propeller,48478
Farm Plow,48318
Leather Jacket,47993
School Bus,47988
Quartz,47817
Monkey,47801
Sari,47739
Dung Beetle,47655
Bamboo,47454
Goose,47335
Sink,47183
Surfing,47162
Maple Leaf,46838
Bluebird,46789
Araceae,46684
Cupcake,46666
Iphone,46596
Buckle,46521
Kimono,46418
Golden Retriever,46385
Dove,46361
Plastic,46321
Aloe,46283
Thunderstorm,46237
Stencil,46209
Sniper,46075
Cargo,46038
Basketball Court,45788
Lion,45718
Outrigger,45495
Ballroom,45431
Hunting,45261
Lab Coat,45184
Gambling,44992
Candy,44945
Newsstand,44830
Cowboy Hat,44816
Lunar Eclipse,44792
Paint Container,44780
Attic,44734
Horse Cart,44522
Ferris Wheel,44515
Calligraphy,44391
Gliding,44295
Kissing,44269
Kiss,44269
Mannequin,44110
Cormorant,43936
Egg,43662
Parthenon,43575
Observatory,43362
Umbrella,43341
Raincoat,43325
Bonsai,43288
Rocket,43242
Vineyard,43231
Red Wolf,43159
Manga,43152
Traffic Jam,43127
Basement,43059
Dye,43035
Ripple,43025
Fox,42995
Noodle,42961
Wig,42937
Thumbs Up,42885
Blueberry,42863
Avalanche,42841
Judo,42775
High Heel,42612
Torte,42553
Stout,42521
Tortoise,42515
Mustang,42486
Smoking,42472
Lantern,42470
Redwood,42266
Carnation,42201
Freight Car,42182
Cosmetics,42172
Herd,42159
Orchestra Pit,42100
Stilts,42081
Dandelion,41875
Teal,41838
Kart,41774
Siding,41769
Tugboat,41724
Fire Department,41634
Hip,41632
Stand,41403
Injury,41334
Conch,41236
Toad,41062
Kitchen,40899
Grand Piano,40870
Pond Lily,40861
Labrador Retriever,40855
Gym,40728
Car Mirror,40702
Boutique,40661
Origami,40559
Steak,40308
Terrier,40241
Wine Bottle,40198
Dressing Room,40197
Eruption,40174
Tricycle,40151
Cpu,40143
Cab,40131
Taxi,40131
Gecko,40115
Pit Stop,40111
Stick,39908
Bracelet,39864
Towel,39717
Fudge,39681
Hula,39656
Wallet,39511
Alien,39481
Squirrel,39419
Veil,39274
Saxophone,39222
Trash,39214
Algae,39208
Frog,39085
Throne,39030
Kilt,38738
Disk,38670
Tow Truck,38602
Dinosaur,38567
Stereo,38547
Bbq,38481
Coyote,38472
Roller Coaster,38424
Coaster,38424
Tape,38373
Glove,38186
Sunflower,38061
Pipeline,37985
Bartender,37966
Sword,37881
Scientist,37604
Wren,37582
Final Fantasy,37511
Operating Theatre,37435
Ketchup,37295
Red Wine,37194
Egret,37160
Long Jump,37078
Pebble,36923
Pharmacy,36765
Earthquake,36711
Gazebo,36662
Diploma,36658
Plumbing,36575
World Of Warcraft,36557
Barrel,36434
Star Symbol,36428
Parachute,36340
Tundra,36320
Tiger,36312
Burger,36274
Buffalo,36240
Wheelchair,36104
French Door,36074
Kayak,36062
Chef,35824
Thistle,35548
Lampshade,35335
Angora,35141
Soda,34908
Drawer,34885
Soup,34861
Latte,34840
Driftwood,34815
Para Rubber Tree,34805
Sea Anemone,34797
Corset,34709
Bunny,34694
Rabbit,34694
Scuba Diving,34582
Aqua Scuba,34582
Mallard,34573
Fly,34573
Asilidae,34573
Kite,34425
Halter,34406
Car Trunk,34132
Indoor Play Area,34129
Tubing,34045
Screw,34011
Leash,33921
Badminton,33909
Make Out,33862
Knife,33856
Tablet Computer,33825
Mountain Tent,33770
Sandal,33643
Treasure,33623
X-Ray,33544
Ct Scan,33544
Medical Imaging X-Ray Film,33544
Pajamas,33510
Butcher Shop,33499
Foal,33483
Ant,33424
Hibiscus,33392
Deli,33389
Confetti,33377
Baboon,33312
Half Track,33233
Aquilegia,33212
Black Cat,33204
Rock Climbing,33191
Giraffe,33155
GPS,33113
Switch,33078
Slide,33019
Camera Lens,32985
Clown,32963
Scroll,32942
Lupin,32832
Hippie,32821
Basket,32771
Greenhouse,32753
Swallow,32611
Headrest,32579
Wire,32568
Condor,32550
Crater,32532
File Binder,32119
Missile,32094
Ape,32043
Weaving,31951
Bobsled,31908
Orange,31849
Shield,31809
Hook,31807
Hot Air Balloon,31765
Bean,31730
German Shepherd,31661
Pumpkin,31652
Knight,31623
Pope,31614
Kneeling,31437
Shoulder,31437
Pie,31409
Siamese,31344
Hairdresser,31338
Dryer,31287
Crawling,31108
Washing,31093
Milk,31032
Dress Shirt,31032
Gondola,31005
Fork,30978
Patient,30920
Owl,30818
Dredger,30782
Tights,30740
Turban,30714
Dairy Cow,30660
Golf Club,30578
Ping Pong,30554
Pop Bottle,30550
Forest Fire,30533
Cherry,30530
Magazine,30521
Sliced,30508
Swing,30434
Goat,30380
Gardener,30337
Seaweed,30244
Shoe Shop,30232
Kit Fox,30220
Tiki,30110
Totem,30110
Crown,30019
Anole,29988
Rainbow,29960
Toe,29957
Antler,29878
Stitch,29874
Riding Boot,29874
Woodpecker,29774
Flicker Bird,29774
Swimming Cap,29761
Bun,29740
Baseball Glove,29719
Entertainment Center,29713
Sandwich,29691
Archery,29637
Thigh,29607
Globe,29467
Yarn,29364
Swan,29326
Ampersand,29244
Car Seat,29156
Spider Web,29150
Hummingbird,29113
Squash,29061
Trumpet,29056
Cornet,29056
Grasshopper,29045
Grasshoper,29045
Fire Screen,28891
Call of Duty,28840
Mining,28766
Snout,28745
Picket,28637
Frisbee,28631
Lobster,28627
Snorkeling,28507
Grapes,28409
French Toast,28359
Toast,28359
Karate,28332
Surfboard,28331
Vermicelli,28312
Toilet,28187
Beagle,28146
Anthracite,28136
Rubber Eraser,28119
Rifle,28049
Brush,27986
Pastry,27906
Coast Guard,27890
Lavender,27875
Wheat,27871
Bucket,27823
Barricade,27776
Swat Team,27751
Straw,27707
Hay,27707
Chihuahua,27694
Stomach,27532
Jewelry Store,27439
Pole Vault,27427
Rv,27280
Iguana,27219
Shovel,27157
Belt,26871
Cocoa,26796
Cardigan,26790
Drain,26703
Cylinder,26692
Penguin,26670
Luggage,26549
Ankle,26443
Water Tower,26228
Hair Drier,26199
Blow Dryer,26199
Orchestra,26144
Deck,26139
Impala,26023
Assembly Line,25956
Angelfish,25940
Boxer,25907
Ice Cream,25901
Juggling,25883
Bubble,25883
Worm,25869
Earring,25746
Lilac,25684
Firefly,25682
Hurdle,25622
Plastic Bag,25618
Weed,25583
Strawberry,25572
Laundry,25511
File Folder,25509
Minecraft,25452
Bullfighter,25262
Argiope,25236
Amphiprion,25187
Poodle,25148
Medication,25040
Pirate,24980
Hand-Held Computer,24967
Knee,24944
Plastic Wrap,24913
Latex Clothing,24902
Golf Course,24873
Power Drill,24863
Robin,24782
Brooch,24624
Giant Panda,24624
Drive Shaft,24606
Apple,24592
Legend of Zelda,24458
Armory,24056
Speaker,24045
Audio Speaker,24045
Crow,24011
Crab,23900
Holding Hands,23834
Armchair,23687
Ammunition,23629
Coho,23562
Tsunami,23454
Police Dog,23440
Quail,23413
Drinking Fountain,23398
Cone,23356
Mosquito,23321
Nail,23291
Parakeet,23239
Teapot,23175
Motocross,23145
Shower,23127
Oboe,23100
Fries,23041
Ox,23016
Roast,22910
Crawdad,22884
Willow,22862
Fried Chicken,22766
Mixer,22718
Pyramid,22618
Stained Wood,22582
Sash,22573
Quake,22527
Snowboarding,22478
Nurse,22435
Skeleton,22401
Phone Booth,22284
Red Cross,22247
Shaker,22104
Shipwreck,22063
Carousel,22060
Fur,22044
Sea Lion,22017
Hoodie,22016
Mint,21981
Aircraft Carrier,21952
Crocus,21814
Spaghetti,21804
Seal,21770
Raspberry,21754
Porthole,21733
Tank Top,21707
Smoke Pipe,21667
Bungee,21642
Granite,21615
Cockroach,21600
Partridge,21596
Monk,21552
Sock,21443
Handle,21438
Teddy Bear,21430
Dog House,21408
Dvd,21348
Dragon,21345
Overwatch,21272
Mat,21257
Anhinga,21154
Server,21136
Navel,21036
Hog,21023
Roof Rack,20973
Footprint,20930
Postbox,20906
Public Mailbox,20906
Harvest,20905
Ravioli,20896
Hail,20859
Pill,20839
Zebra,20829
Cockpit,20808
Sewing,20750
Ceiling Fan,20744
Bmx,20742
Bald Eagle,20739
Grapefruit,20720
Seaplane,20679
Shrimp,20666
Amplifier,20634
Cheetah,20572
Pineapple,20557
Soap,20551
Tobacco,20529
Snail,20485
Halo,20431
Relish,20386
Euphonium,20382
Tuba,20382
Cornbread,20228
Wool,20202
Telescope,20188
Peel,20077
High Jump,20056
Hen,20049
Mobile Home,19876
Macaw,19846
Elf,19833
Grouse,19807
Iceberg,19787
Polo,19764
Feather Boa,19692
Cracker,19592
Lightning,19571
Submarine,19561
Bullet Train,19543
Cane,19405
Terrace,19403
Calendar,19345
Panties,19282
Tree House,19253
Lesser Panda,19156
Cabbage,19144
Waiter,19130
Flamingo,19006
Paper Towel,18966
Outhouse,18926
Barbed Wire,18926
Grenade,18865
Geyser,18859
Collie,18825
Woven,18824
Bowling,18720
Baseball Field,18676
Tuna,18638
Headphones,18621
Headset,18621
Rope Bridge,18585
Oilfield,18528
Albatross,18508
Broom,18493
Smoothie,18465
Espresso,18430
Gauge,18428
Incense,18362
Custard,18346
Gutter,18303
Hammock,18225
Sliding Door,18210
Billiard Room,18162
Trout,18137
Pickle,18097
Brake,18073
Pantyhose,18026
Stretch,18013
Bean Sprout,17856
Package Delivery,17785
Crocodile,17737
Alligator,17737
Trash Can,17695
Gazelle,17655
Whale,17572
Agapanthus,17563
Herring,17556
Harness,17529
Sushi,17522
Spaniel,17491
Cocker Spaniel,17491
Launch,17482
Pancake,17344
Dollar,17306
Cork,17289
Tissue,17287
Bird Nest,17269
Nest,17269
Earth,17244
Pelican,17131
Bamboo Shoot,17028
Cooking Batter,17003
Manhole,16998
Turquoise,16991
Lei,16950
Pedal,16948
Whipped Cream,16931
Jellyfish,16862
Yoga,16807
Amaryllis,16684
Cooker,16668
Tai Chi,16620
Wallaby,16520
Kangaroo,16520
Surgeonfish,16507
Milky Way,16504
Donkey,16487
Bridesmaid,16485
Carp,16477
Samurai,16468
QR Code,16438
Box Turtle,16421
Aurora,16421
Eskimo Dog,16372
Hair Slide,16357
Accordion,16328
Baseball Bat,16122
Texting,16115
Slot,16078
Bagpipe,16053
Acorn,16001
Hare,15932
Mixing Bowl,15895
Slug,15882
Snack,15840
Handshake,15837
Contact Lens,15811
Ramp,15752
Icicle,15731
Calf,15729
Nutcracker,15711
Maze,15707
Labyrinth,15707
Tape Player,15688
Dill,15632
Saddle,15620
Dynamite,15521
Cuff,15507
Meatball,15497
Gold Medal,15450
Lentil,15443
Hostel,15443
Bread Loaf,15435
French Loaf,15435
Pitbull,15400
Putter,15365
Coke,15364
Coca,15364
Jade,15337
Pantry,15294
Ninja,15206
Sack,15166
Patio Umbrella,15091
Garden Umbrella,15091
Salad,15030
Floor Plan,14997
Bullet,14879
Velvet,14863
Tea,14857
Lemur,14850
Perch,14848
Tornado,14831
Suspenders,14830
Desktop,14805
Glitter,14802
Oyster,14755
Radio,14742
Camel,14742
Boar,14707
Gladiolus,14692
Foam,14691
Pen,14588
Thong,14574
Handgun,14511
Counter Strike,14496
Cleaning,14484
Medicine Chest,14475
Torii,14440
Arugula,14429
Jet Ski,14378
Bird Feeder,14293
Wax Seal,14273
Peacock,14271
Scarecrow,14191
Tree Frog,14148
Pinata,14086
Tadpole,14060
Bead Necklace,13986
Atoll,13940
Squid,13922
Mimosa,13873
Banjo,13868
Cock Bird,13839
Rooster,13839
Stein,13766
Stroller,13757
Bib,13746
Airship,13728
Corn,13718
Apiary,13695
Dolphin,13668
Jigsaw Puzzle,13649
Mountain Goat,13589
Kitchen Island,13553
Refrigerator,13531
Opera House,13526
Allium,13524
Pepper,13507
Magician,13483
Wall Clock,13448
Gravy,13437
Powder,13428
Life Buoy,13423
Machine Gun,13390
Birthday Party,13383
Monorail,13377
Plug,13341
Manicure,13297
Angus,13234
Flea,13209
Bacon,13202
Sesame,13178
Freckle,13172
Magpie,13117
Oil Spill,13107
Hydrofoil,13047
Diwali,13045
Credit Card,13040
Mantis,12999
Pansy,12998
Persimmon,12922
Spice,12862
King Penguin,12848
Quiver,12839
Archer,12835
Pool Table,12822
Whisky,12810
Cardinal,12764
Treasure Flower,12729
Honey,12723
Heart,12672
Mask,12656
Bonito,12632
Crate,12570
Green Lizard,12567
Egyptian Cat,12520
Beaver,12513
Bat,12511
Cooktop,12495
Sombrero,12396
Black Bear,12385
Fuse,12366
Turnstile,12358
Curling,12326
Mouse,12315
Eel,12300
Ceiling Light,12207
Gearshift,12205
China Cabinet,12193
Muffin,12098
Spray Can,12089
Poncho,12051
RAM Memory,11996
Red Fox,11996
Broccoli,11982
Great Dane,11982
Folding Door,11959
Palette,11951
Gorilla,11942
Cradle,11858
T-Rex,11849
Croquet,11837
White Dog,11822
Penthouse,11801
Donut,11799
Bandana,11787
Key,11784
Pita,11761
Dresser,11760
Microwave,11754
Clogs,11727
Asparagus,11692
Comet,11684
Torpedo,11675
Keg,11651
Lynx,11592
Therapy,11582
Spinach,11554
Tomato,11527
Glider,11521
Brie,11516
Sea Turtle,11512
Stole,11489
Polar Bear,11464
Brownie,11463
Suitcase,11455
Artichoke,11391
Camouflage,11353
Yogurt,11348
Chime,11347
Windchime,11347
Boston Bull,11334
Party Hat,11331
Stopsign,11326
Vending Machine,11320
Gift,11304
Bait,11291
Fishing Lure,11291
Lock,11278
Space Shuttle,11158
Polka Dot,11149
Chain Mail,11144
Lemonade,11137
Plectrum,11130
Apron,11090
Salamander,11067
Private Mailbox,11065
Tachometer,11006
Snowplow,10998
Sardine,10996
Tongue,10974
Cod,10821
Cotton,10794
Injection,10786
Petrol,10747
Space Station,10740
Microscope,10738
Khaki,10721
Gourd,10704
Otter,10685
Plum,10641
Scale,10620
Brown Bear,10600
Ponytail,10576
Bagel,10575
Ear,10564
Flugelhorn,10520
Watermelon,10508
Shopping Cart,10496
Longhorn,10474
Rafting,10472
Rattlesnake,10465
Tandem Bicycle,10453
Water Jug,10442
Tarantula,10439
Kale,10394
Anvil,10349
Rice,10346
Mandolin,10331
Security,10311
Flute,10242
Bar Stool,10237
Lightbulb,10206
Piercing,10188
Tick,10140
French Bulldog,10122
Sheet Music,10107
Bell Pepper,10107
Claw,10058
Seahorse,10057
Surgeon,10053
Sake,10044
Foil,10041
Hurricane,9979
Trombone,9945
Cd Player,9864
Warthog,9849
Water Bottle,9810
Starfish,9807
Network,9777
Suede,9772
Binoculars,9761
Meat Loaf,9703
Gong,9703
Pug,9588
Surgery,9581
Affenpinscher,9575
Washer,9551
Toolshed,9519
Hubcap,9512
Bullfighting,9487
Suspension,9446
Pointer,9446
Potato,9419
Bison,9418
Ribs,9406
Fencing,9394
Emerald,9390
Termite,9371
Wreath,9345
Cucumber,9311
PEZ Dispenser,9307
Tote Bag,9305
Goldfish,9286
Lettuce,9280
Chain,9279
Atv,9223
Nuggets,9202
Carrot,9197
Massage,9172
Flour,9134
Lemon,9086
Walnut,9085
Mustard,9078
Horseshoe,9074
Hoop,9069
Rock Beauty,9060
Safe,9057
Anthurium,9032
Radio Telescope,9000
Tart,8964
Cougar,8954
Shower Faucet,8948
Wand,8850
Axle,8831
Kennel,8788
Parsley,8764
Booby,8761
Trampoline,8741
Tiara,8712
Super Mario,8695
Bath Towel,8675
Atm,8656
Cash Machine,8656
Rhino,8637
Hemp,8632
Boiling,8626
Mullet Fish,8613
Coat Rack,8514
Oatmeal,8488
Dishwasher,8459
Ipod,8445
Golf Cart,8437
Turkey Bird,8410
Llama,8394
Alpaca,8394
Absinthe,8389
Hyena,8358
Puffin,8344
Nuclear,8306
Mosquito Net,8285
Igloo,8248
Pomegranate,8246
Lens Cap,8240
Cauliflower,8204
Shopping Bag,8201
Kiwi Bird,8197
Cockatoo,8191
Basin,8170
Easter Egg,8163
Doormat,8102
Prayer Beads,8015
Rosary,8015
Trench Coat,7997
Turnip,7991
Snow Leopard,7988
Steel,7978
King Snake,7971
Pencil,7942
Hose,7920
Reception Desk,7919
Snowflake,7901
Parking Meter,7896
Projector,7894
Manta Ray,7890
Hot Chocolate,7874
Knot,7867
Popcorn,7861
Canned Goods,7835
Clamp,7827
Mecca,7776
Recycling Symbol,7744
Batman,7729
Taco,7702
Cowbell,7680
Octopus,7665
Mortar,7661
Lime,7660
Martini,7571
Foxglove,7569
Burrito,7547
Upright Piano,7486
Tortilla,7481
Mini Golf,7472
Stove,7466
Vise,7444
Mojito,7444
Puffer,7428
Air Conditioner,7427
Banana Boat,7408
Calculator,7394
Caramel,7374
Ashtray,7335
Tabloid,7324
Anaconda,7301
Lollipop,7297
Flip-Flop,7261
Stuffing,7252
Wok,7229
Frying Pan,7229
Golf Ball,7221
Jam,7197
Lava,7110
Dogsled,7104
Orca,7084
Killer Whale,7084
Peeps,7068
Cowboy Boot,7055
Dip,7042
Pheasant,7037
Harp,7035
Letter Opener,7034
Spa,7021
Avocado,6991
Smelling,6982
Ice Pop,6952
Bunk Bed,6949
Airedale,6906
Emu,6876
Dough,6872
Revolving Door,6872
Melon,6841
Sloth,6819
Mashed Potato,6782
Angry Birds,6781
Compass,6743
Mineral Water,6724
Spear,6694
Rubix Cube,6688
Bullring,6683
Zipper,6636
Syrup,6626
Bugle,6613
Cobra,6544
Onion,6535
Zucchini,6448
Hamster,6410
Briefcase,6380
Amethyst,6377
Urchin,6369
Toucan,6351
Lasagna,6348
Paisley,6330
Orange Juice,6291
Yak,6284
Koi,6261
Crayon,6228
Slingshot,6205
Orangutan,6177
Honeycomb,6156
Dumpling,6154
Gum,6132
Pac Man,6132
Pike,6130
Moose,6124
Dalmatian,6061
Harmonica,6049
Dagger,6031
Digital Watch,6028
Locker,6023
Sprinkler,6019
Lighter,6014
Milkshake,5986
Apple Pie,5966
Appenzeller,5933
Cassette,5931
Rock Python,5908
Braid,5901
Black Widow,5872
Generator,5862
Gingerbread,5858
Lipstick,5800
Fig,5792
Hippo,5788
Seat Belt,5780
Sweet Potato,5768
Yam,5768
Tap,5744
Ocelot,5705
Pin,5701
Icebreaker,5679
Grey Fox,5658
Veterinarian,5644
Ferret,5643
Bracket,5616
Henna,5614
Squat,5614
Black Swan,5606
Stocking,5601
Ink Bottle,5573
Hot Pot,5564
Waffle,5557
Bandage,5523
Jelly,5507
Pea,5471
Remote Control,5459
Coconut,5445
Perfume,5384
Dial Telephone,5374
Dice,5350
Pecan,5348
Digital Clock,5343
Sewing Machine,5336
Peach,5331
Segway,5329
Raccoon,5296
Pearl,5289
Mime,5288
Apricot,5280
Shears,5244
Macaroni,5227
Toothbrush,5225
Scorpion,5202
Eggplant,5147
Meerkat,5135
Soy,5131
Hedgehog,5120
Green Bean,5114
Great White Shark,5108
Ostrich,5094
Printer,5067
Collar,5059
Wardrobe,5050
Shower Curtain,5045
Beluga Whale,5036
Halibut,5002
Flounder,5002
Sugar,5001
Modem,5000
Seesaw,4997
Hacksaw,4992
Handsaw,4992
Ham,4987
Marble,4977
Mattress,4971
Pear,4928
Christmas Stocking,4927
Dentist,4904
Slow Cooker,4904
Ottoman,4898
Nachos,4889
Alarm Clock,4887
Leek,4848
Platinum,4803
Mole,4768
Stingray,4767
Saint Bernard,4761
Beach Wagon,4727
Mango,4703
Green Snake,4682
Dutch Oven,4605
Whip,4557
King Crab,4504
Razor,4502
Bangles,4485
Shallot,4482
Porcupine,4478
Milk Can,4421
Fountain Pen,4419
Durian,4417
Walk-In Closet,4382
Croissant,4376
Weasel,4368
Three-Toed Sloth,4351
Plate Rack,4343
Torch,4325
Koala,4312
Brace,4309
Toilet Paper,4293
Clarinet,4257
Cooler,4248
Rhubarb,4210
Blimp,4205
Shopping Basket,4144
Pencil Box,4134
Surface Computer,4133
Xylophone,4121
Glockenspiel,4121
Vibraphone,4121
Opal,4078
Cassette Player,4058
Radish,4055
Tortellini,4049
Fondue,4023
Okra,3995
Rain Barrel,3989
Marker,3939
Wooden Spoon,3929
Chain Saw,3912
Toothpaste,3879
Fleece,3844
Oscilloscope,3833
Possum,3831
Mousepad,3825
Tequila,3820
Butter,3810
Papillon,3805
Piggy Bank,3801
Nursery,3800
Alcyonacea,3772
Brain Coral,3772
Wedge,3769
Face Makeup,3763
Shotgun,3763
Rocking Chair,3734
Sea Snake,3731
Green Tea,3718
Flashlight,3714
Arctic Fox,3677
Radiator,3667
Burner,3651
Head Cabbage,3636
Measuring Cup,3619
Space Heater,3593
Heater,3593
Garlic,3589
Rugby Ball,3572
Potty,3560
Electric Fan,3455
Dodo,3447
Ginger,3447
Anchor,3433
Turkey Dinner,3432
Napkin,3431
Hoe,3386
Hourglass,3297
Clutch Wheel,3288
Double Sink,3275
Rake,3273
Reel,3264
Darts,3219
Rattle,3215
Wrench,3209
Hovercraft,3179
Domino,3173
Barrow,3156
Wheelbarrow,3156
Water Gun,3127
Almond,3111
Dairy,3094
Quince,3079
Sprinkles,3066
Papaya,3031
Bongo,3022
Router,3009
Pretzel,3001
Watering Can,2969
Kettle,2966
Cupid,2954
Peanut Butter,2934
Swordfish,2922
Kiwi,2904
Magnifying,2899
Sponge,2857
Lotion,2844
Gas Stove,2844
Fist,2831
Parsnip,2828
Electrical Outlet,2717
Hub,2711
Hanger,2676
Sturgeon,2673
Jackfruit,2671
Sapphire,2658
Lyre,2635
iPod Shuffle,2591
Kettledrum,2585
Airmail,2536
Hard Disk,2536
Home Theater,2535
Mayonnaise,2532
Tray,2520
Peanut,2513
Crossword Puzzle,2460
Snow Angel,2459
Anteater,2401
Conga,2379
Aftershave,2370
Capsule,2350
Can Opener,2342
Text Message,2332
Joystick,2315
Vacuum Cleaner,2295
Gin,2258
Clothes Iron,2254
Iron,2254
African Grey Parrot,2229
Afghan Hound,2211
Baton,2189
Trident,2160
Mascara,2129
Bowling Ball,2084
Combination Lock,2056
Anklet,2031
Webcam,2027
Screwdriver,2009
Rutabaga,1933
Chow,1930
Oval,1853
Badger,1820
Whistle,1790
Skunk,1766
Comb,1765
Drying Rack,1743
Pliers,1704
Pomelo,1624
Blender,1577
Ptarmigan,1571
French Horn,1555
Anise,1539
Raisins,1513
Throat,1507
Chinchilla,1474
Shampoo,1460
Manatee,1352
Trowel,1327
Bow Tie,1278
Sandwich Wrap,1262
Mallet,1248
Armadillo,1225
Compass Math,1181
Kohlrabi,1179
Deodorant,1172
Aardvark,1159
Sunscreen,1144
Batting Helmet,1130
Mattock,1068
Walrus,1003
Toaster,944
Stopwatch,933
Maraca,824
Batman Logo,659
Unreal Tournament,595
Ski Boot,545
